[
  { "cidade": "SoC PR Curitiba", "codigo": "SOC-PR1" },
  { "cidade": "SoC RJ Rio de Janeiro", "codigo": "SOC-RJ1" },
  { "cidade": "SoC SP Louveira", "codigo": "SOC-SP7" },
  { "cidade": "SoC SP Cravinhos", "codigo": "SOC-SP5" },
  { "cidade": "SoC PE Recife", "codigo": "SOC-PE1" },
  { "cidade": "SoC BA Simoes Filho", "codigo": "SOC-BA2" },
  { "cidade": "SoC GO Goiânia 02", "codigo": "SOC-GO1" },
  { "cidade": "SoC SP Guarulhos", "codigo": "SOC-SP6" },
  { "cidade": "SoC RS Gravataí 02", "codigo": "SOC-RS2" },
  { "cidade": "SoC PE Jaboatão dos Guararapes", "codigo": "SOC-PE2" },
  { "cidade": "SoC SC Itajaí", "codigo": "SOC-SC1" },
  { "cidade": "Juiz de Fora Dist Ind", "codigo": "LMG-14" },
  { "cidade": "Divinópolis", "codigo": "LMG-36" },
  { "cidade": "Lagoa da Prata", "codigo": "LMG-27" },
  { "cidade": "Manhuaçu", "codigo": "LMG-09" },
  { "cidade": "Sete Lagoas", "codigo": "LMG-49" },
  { "cidade": "Governador Valadares", "codigo": "LMG-56" },
  { "cidade": "Montes Claros", "codigo": "LMG-11" },
  { "cidade": "Teófilo Otoni", "codigo": "LMG-43" },
  { "cidade": "Ipatinga", "codigo": "LMG-38" },
  { "cidade": "Patos de Minas", "codigo": "LMG-12" },
  { "cidade": "FX Patos de Minas", "codigo": "LMG-12X" },
  { "cidade": "Betim", "codigo": "LMG-15" },
  { "cidade": "Vespasiano", "codigo": "LMG-40" },
  { "cidade": "Contagem", "codigo": "LMG-05" },
  { "cidade": "Varginha Fausto", "codigo": "LMG-45" },
  { "cidade": "Barbacena", "codigo": "LMG-20" },
  { "cidade": "Ubá", "codigo": "LMG-23" },
  { "cidade": "Vitória da Conquista", "codigo": "LBA-07" },
  { "cidade": "FX Vitória Conquista", "codigo": "LMG-07X" },
  { "cidade": "Itabuna", "codigo": "LBA-06" },
  { "cidade": "São Mateus", "codigo": "LES-16" },
  { "cidade": "Teresina", "codigo": "LPI-01" },
  { "cidade": "FX Teresina", "codigo": "LPI-02-X" },
  { "cidade": "Belo Horizonte 02", "codigo": "LMG-50" },
  { "cidade": "Lavras 03", "codigo": "XPT-LMG-91" },
  { "cidade": "JADLOG", "codigo": "JADLOG" },
  { "cidade": "J&T", "codigo": "J&T" },
  { "cidade": "LOGGI", "codigo": "LOGGI" },
  { "cidade": "Fortaleza 02", "codigo": "LCE-05" },
  { "cidade": "Feira de Santana", "codigo": "LBA-01" },
  { "cidade": "Caucaia", "codigo": "LCE-02" },
  { "cidade": "Serra", "codigo": "LES-03" },
  { "cidade": "Maceió", "codigo": "LAL-01" },
  { "cidade": "Alagoinhas", "codigo": "LBA-12" },
  { "cidade": "São Gonçalo do Abaeté", "codigo": "LMG-93" },
  { "cidade": "Patrocínio", "codigo": "LMG-94" },
  { "cidade": "Ouro Preto_02", "codigo": "LMG-95" },
  { "cidade": "FX Montes Claros", "codigo": "LMG-11-X" },
  { "cidade": "TOTAL", "codigo": "TOTAL" },
  { "cidade": "CORREIOS", "codigo": "CORREIOS" },
  { "cidade": "Araxá", "codigo": "XPT-LMG-97" },
  { "cidade": "Cps dos Goytacazes", "codigo": "LRJ-09" },
  { "cidade": "São Gonçalo do Abaeté", "codigo": "LMG-93" },
  { "cidade": "Janaúba", "codigo": "LMG-87" },
  { "cidade": "Diamantina", "codigo": "XPT-LMG-88" },
  { "cidade": "João Monlevade", "codigo": "XPT-LMG-99" },
  { "cidade": "Patrocínio", "codigo": "XPT-LMG-94" },
  { "cidade": "Caratinga", "codigo": "XPT-LMG-89" },
  { "cidade": "FX Itabuna", "codigo": "LBA-06-X" },
  { "cidade": "Juazeiro", "codigo": "LBA-29" },
  { "cidade": "Linhares", "codigo": "LES-05" },
  { "cidade": "Muriaé", "codigo": "LMG-21" },
  { "cidade": "Aracaju 02", "codigo": "LSE-03" },
  { "cidade": "Ponte Nova", "codigo": "XPT-LMG-98" },
  { "cidade": "Conselheiro Lafaiete", "codigo": "XPT-LMG-92" },
  { "cidade": "Itabira", "codigo": "XPT-LMG-96" },
  { "cidade": "Vila Velha", "codigo": "LES-07" },
  { "cidade": "Diamantina", "codigo": "XPT-LMG-88" },
  { "cidade": "FX Linhares", "codigo": "LES-05-X" },
  { "cidade": "Aracaju", "codigo": "LSE-01" },
  { "cidade": "Curvelo", "codigo": "XPT-LMG-85" },
  { "cidade": "Natal", "codigo": "LRN-01" },
  { "cidade": "Teresina 02", "codigo": "LPI-02" },
  { "cidade": "Pirapora", "codigo": "XPT-LMG-84" },
  { "cidade": "Contagem 02", "codigo": "LMG-62" },
  { "cidade": "Salinas", "codigo": "LMG-73" },
  { "cidade": "RJ Campo Grande", "codigo": "SOC-RJ04" },
  { "cidade": "Juazeiro do norte", "codigo": "LCE-04" },
  { "cidade": "Cumbica_Guarulhos", "codigo": "SOC-SP25" }
 

]
